id,group_id,sender_id,message
1,11,44,turpis adipiscing lorem vitae mattis
2,13,10,nec sem duis aliquam convallis nunc proin at turpis a pede posuere
3,11,6,nulla ut erat id mauris vulputate elementum nullam varius nulla facilisi cras non
4,13,14,consequat in consequat ut nulla
5,2,2,ipsum dolor sit amet consectetuer adipiscing elit proin
6,5,39,phasellus sit amet erat nulla
7,8,16,sit amet eleifend pede libero
8,11,31,enim sit amet nunc viverra dapibus nulla suscipit ligula in lacus curabitur at ipsum
9,7,19,quisque arcu libero rutrum ac
10,1,29,nec nisi volutpat eleifend donec ut
11,6,41,molestie nibh in lectus pellentesque at nulla suspendisse potenti cras in purus eu
12,3,28,at velit eu est congue elementum in hac habitasse platea dictumst morbi vestibulum
13,11,29,duis aliquam convallis nunc proin at turpis
14,13,38,quis odio consequat varius integer ac leo pellentesque ultrices mattis odio
15,15,34,dui nec nisi volutpat eleifend donec ut dolor morbi vel
16,9,44,cubilia curae duis faucibus accumsan odio curabitur convallis duis consequat dui nec
17,5,27,arcu libero rutrum ac lobortis vel dapibus at diam nam tristique tortor eu
18,15,46,amet diam in magna bibendum imperdiet nullam orci pede venenatis non sodales sed tincidunt eu
19,4,33,est quam pharetra magna ac consequat metus sapien ut nunc vestibulum
20,13,22,quisque porta volutpat erat quisque erat eros viverra eget congue
21,15,46,blandit lacinia erat vestibulum sed magna at nunc commodo placerat
22,13,22,elit proin risus praesent lectus vestibulum quam sapien varius ut blandit non interdum in
23,3,28,diam vitae quam suspendisse potenti nullam porttitor
24,10,21,ligula in lacus curabitur at
25,12,6,curae nulla dapibus dolor vel est donec odio justo sollicitudin ut suscipit a feugiat
26,10,16,id massa id nisl venenatis lacinia aenean sit amet justo
27,15,30,varius integer ac leo pellentesque ultrices mattis odio donec vitae nisi nam ultrices libero non
28,6,49,rutrum neque aenean auctor gravida sem praesent id massa
29,11,29,platea dictumst morbi vestibulum velit id pretium iaculis diam
30,4,45,id nisl venenatis lacinia aenean sit amet
31,3,49,ut massa quis augue luctus tincidunt nulla mollis
32,14,47,venenatis non sodales sed tincidunt eu felis fusce posuere felis sed
33,9,21,felis ut at dolor quis
34,6,41,dictumst maecenas ut massa quis augue luctus tincidunt nulla mollis molestie
35,8,6,eget rutrum at lorem integer tincidunt ante vel ipsum praesent
36,11,29,ut at dolor quis odio
37,11,6,duis mattis egestas metus aenean fermentum
38,13,38,ligula pellentesque ultrices phasellus id sapien in sapien iaculis congue vivamus metus arcu
39,11,36,at lorem integer tincidunt ante vel ipsum praesent blandit lacinia erat vestibulum
40,5,39,quam pharetra magna ac consequat metus sapien ut nunc vestibulum ante
41,4,40,habitasse platea dictumst aliquam augue quam sollicitudin vitae consectetuer eget rutrum at lorem integer tincidunt
42,1,50,dui nec nisi volutpat eleifend donec ut dolor morbi vel lectus in quam
43,15,32,phasellus id sapien in sapien iaculis congue vivamus metus arcu adipiscing molestie
44,1,27,vitae consectetuer eget rutrum at lorem integer tincidunt ante vel ipsum
45,2,33,egestas metus aenean fermentum donec ut mauris eget
46,15,34,et tempus semper est quam pharetra magna ac
47,8,30,etiam justo etiam pretium iaculis justo in hac habitasse platea dictumst etiam faucibus cursus
48,13,26,varius ut blandit non interdum in ante vestibulum ante ipsum primis
49,5,27,morbi non quam nec dui luctus rutrum nulla
50,15,46,cum sociis natoque penatibus et
51,1,29,enim leo rhoncus sed vestibulum sit amet cursus id turpis integer aliquet
52,11,31,morbi odio odio elementum eu interdum eu tincidunt in leo
53,6,23,nibh ligula nec sem duis aliquam convallis nunc proin at turpis a pede posuere
54,5,39,odio donec vitae nisi nam ultrices libero non mattis pulvinar nulla pede ullamcorper augue
55,8,35,tellus nulla ut erat id mauris vulputate elementum
56,12,48,sem sed sagittis nam congue risus semper porta volutpat quam pede lobortis ligula
57,2,33,proin at turpis a pede posuere nonummy integer non velit donec
58,6,41,aliquam non mauris morbi non lectus aliquam sit amet diam in magna
59,2,49,urna ut tellus nulla ut erat id mauris vulputate elementum nullam varius nulla facilisi cras
60,2,11,blandit non interdum in ante vestibulum ante ipsum primis in faucibus orci
61,4,1,non velit nec nisi vulputate nonummy maecenas
62,9,11,suspendisse potenti in eleifend quam a odio in
63,10,18,in imperdiet et commodo vulputate justo in blandit ultrices enim
64,4,40,eget vulputate ut ultrices vel augue vestibulum ante ipsum primis in faucibus
65,15,20,justo sollicitudin ut suscipit a feugiat et eros vestibulum ac est
66,8,30,aliquam non mauris morbi non lectus
67,10,18,nonummy maecenas tincidunt lacus at velit vivamus vel nulla eget eros elementum pellentesque quisque
68,1,50,vestibulum quam sapien varius ut blandit non interdum in ante vestibulum ante ipsum
69,12,33,hendrerit at vulputate vitae nisl aenean lectus pellentesque eget
70,3,28,in hac habitasse platea dictumst aliquam augue quam sollicitudin vitae consectetuer eget rutrum at
71,7,19,in imperdiet et commodo vulputate justo in blandit ultrices enim
72,1,32,consequat in consequat ut nulla sed accumsan felis ut at dolor quis
73,14,31,dui vel sem sed sagittis nam congue risus semper
74,1,42,pharetra magna ac consequat metus sapien ut nunc vestibulum ante ipsum primis in
75,5,5,aenean sit amet justo morbi ut odio cras mi
76,11,29,rutrum nulla nunc purus phasellus in
77,10,21,morbi non quam nec dui luctus rutrum nulla tellus in sagittis dui vel
78,7,44,velit vivamus vel nulla eget eros elementum pellentesque quisque porta
79,12,46,aliquet ultrices erat tortor sollicitudin mi
80,11,36,amet consectetuer adipiscing elit proin interdum mauris non
81,15,32,vel ipsum praesent blandit lacinia erat vestibulum sed magna at nunc commodo
82,12,8,ipsum primis in faucibus orci luctus et ultrices posuere cubilia curae duis
83,7,20,pellentesque quisque porta volutpat erat quisque erat eros viverra eget congue eget semper
84,8,16,duis mattis egestas metus aenean fermentum
85,7,19,aenean lectus pellentesque eget nunc donec
86,3,49,at nulla suspendisse potenti cras in purus eu magna vulputate
87,11,6,nulla sed vel enim sit amet nunc viverra dapibus nulla suscipit
88,7,20,amet sapien dignissim vestibulum vestibulum ante ipsum primis
89,3,28,vitae nisi nam ultrices libero non mattis pulvinar nulla pede ullamcorper augue
90,15,20,cras pellentesque volutpat dui maecenas tristique est et tempus semper est quam pharetra magna
91,13,26,cras in purus eu magna vulputate luctus cum sociis natoque penatibus et magnis dis parturient
92,6,49,cubilia curae nulla dapibus dolor vel est donec odio
93,5,5,habitasse platea dictumst etiam faucibus cursus urna ut tellus nulla ut erat id mauris vulputate
94,5,9,parturient montes nascetur ridiculus mus etiam vel augue
95,3,1,quis orci eget orci vehicula condimentum curabitur in libero ut massa volutpat convallis
96,8,6,magna at nunc commodo placerat
97,10,18,morbi ut odio cras mi pede malesuada
98,15,30,ut massa quis augue luctus tincidunt nulla mollis molestie lorem quisque ut erat curabitur
99,1,39,laoreet ut rhoncus aliquet pulvinar sed nisl
100,13,10,risus praesent lectus vestibulum quam sapien varius ut blandit non interdum in
